"priority","category","incident_count","avg_resolution_hours","median_resolution_hours"
"1 - Critical","Category 13",2,185.1833333333333300,185.18333333333334
"1 - Critical","Category 17",3,1191.7388888888887800,69.63333333333334
"1 - Critical","Category 19",11,111.2621212121212056,29.35
"1 - Critical","Category 20",7,78.9166666666666659,30.483333333333334
"1 - Critical","Category 23",21,97.01984126984127204,29.916666666666668
"1 - Critical","Category 26",4,29.6624999999999995,34.25833333333333
"1 - Critical","Category 28",3,66.05555555555555889,72.93333333333334
"1 - Critical","Category 29",1,40.4166666666666640,40.416666666666664
"1 - Critical","Category 35",1,93.5166666666666700,93.51666666666667
"1 - Critical","Category 37",6,120.0194444444444428,59.383333333333326
"1 - Critical","Category 38",2,179.6583333333333335,179.65833333333336
"1 - Critical","Category 40",3,708.8277777777777667,838.1833333333333
"1 - Critical","Category 42",39,242.76709401709401712,69.41666666666667
"1 - Critical","Category 43",1,245.3333333333333400,245.33333333333334
"1 - Critical","Category 44",1,398.4333333333333400,398.43333333333334
"1 - Critical","Category 45",18,639.8888888888888974,313.5083333333333
"1 - Critical","Category 46",85,338.2321568627451078,120.4
"1 - Critical","Category 51",6,105.1611111111111143,51.21666666666667
"1 - Critical","Category 53",16,242.7583333333333309,149.40833333333336
"1 - Critical","Category 55",2,107.9500000000000000,107.95
"1 - Critical","Category 57",31,168.4661290322580640,97.08333333333333
"1 - Critical","Category 61",5,16.9366666666666666,6.866666666666666
"1 - Critical","Category 8",1,6.3666666666666660,6.366666666666666
"1 - Critical","Category 9",1,2.8000000000000000,2.8
"2 - High","Category 13",2,156.4166666666666600,156.41666666666666
"2 - High","Category 17",10,30.52666666666666621,17.75
"2 - High","Category 19",13,79.5602564102564111,45.55
"2 - High","Category 20",7,123.2666666666666690,87.46666666666667
"2 - High","Category 23",59,86.17401129943502895,19.733333333333334
"2 - High","Category 24",7,68.1904761904761916,5.9
"2 - High","Category 26",17,186.9362745098039226,127.91666666666667
"2 - High","Category 28",36,299.36157407407407127,358.1166666666667
"2 - High","Category 32",8,64.2604166666666659,43.51666666666667
"2 - High","Category 34",2,1330.8583333333333200,1330.8583333333333
"2 - High","Category 37",18,41.7157407407407396,23.025
"2 - High","Category 38",6,227.1527777777777700,224.35
"2 - High","Category 40",10,73.4949999999999993,49.8
"2 - High","Category 42",32,311.2963541666666781,59.94166666666666
"2 - High","Category 43",3,100.5555555555555557,149.1
"2 - High","Category 44",6,85.7694444444444417,19.116666666666667
"2 - High","Category 45",15,194.5188888888888880,73.85
"2 - High","Category 46",62,114.9892473118279589,19.366666666666667
"2 - High","Category 51",7,134.28809523809523848,54.21666666666667
"2 - High","Category 53",30,92.0788888888888898,23.2
"2 - High","Category 55",3,128.4055555555555460,24.466666666666665
"2 - High","Category 56",2,13.8249999999999994,13.825
"2 - High","Category 57",29,134.64425287356321987,40.03333333333333
"2 - High","Category 59",1,481.2500000000000000,481.25
"2 - High","Category 61",12,292.5486111111111146,59.974999999999994
"2 - High","Category 8",4,34.1083333333333328,23.008333333333333
"2 - High","Category 9",6,192.5277777777777849,125.46666666666667
"2 - High",,1,17.7166666666666650,17.716666666666665
"3 - Moderate","Category 10",3,93.4333333333333333,114.96666666666667
"3 - Moderate","Category 12",1,53.4333333333333300,53.43333333333333
"3 - Moderate","Category 13",107,91.72943925233644913,48.18333333333333
"3 - Moderate","Category 14",1,87.7666666666666700,87.76666666666667
"3 - Moderate","Category 15",1,0.36666666666666664000,0.36666666666666664
"3 - Moderate","Category 16",2,2.9666666666666668,2.966666666666667
"3 - Moderate","Category 17",58,76.77327586206896629,18.758333333333333
"3 - Moderate","Category 19",193,271.14758203799654630,67.2
"3 - Moderate","Category 2",5,148.50333333333334008,0.9666666666666667
"3 - Moderate","Category 20",908,63.681038913362702016,2.091666666666667
"3 - Moderate","Category 21",8,62.0791666666666663,58.08333333333333
"3 - Moderate","Category 22",43,435.3496124031007730,343.3
"3 - Moderate","Category 23",967,163.527559462254395529,47.583333333333336
"3 - Moderate","Category 24",610,281.635683060109288799,72.55
"3 - Moderate","Category 25",5,656.1499999999999940,53.083333333333336
"3 - Moderate","Category 26",2888,80.994638734995383202,4.183333333333334
"3 - Moderate","Category 27",1,1.58333333333333330000,1.5833333333333333
"3 - Moderate","Category 28",342,90.915984405458089218,0.18333333333333332
"3 - Moderate","Category 29",5,1098.1433333333332591,118.78333333333333
"3 - Moderate","Category 3",1,21.2333333333333340,21.233333333333334
"3 - Moderate","Category 30",5,176.4033333333333260,174.61666666666667
"3 - Moderate","Category 31",19,150.26666666666666833,66.63333333333334
"3 - Moderate","Category 32",1190,63.821064425770308012,1.0083333333333333
"3 - Moderate","Category 33",15,1136.7455555555555467,680
"3 - Moderate","Category 34",487,1329.87214236824092922,404.71666666666664
"3 - Moderate","Category 35",451,21.769807834441980919,0.25
"3 - Moderate","Category 37",1042,126.239811260396674013,22.008333333333333
"3 - Moderate","Category 38",26,202.97948717948717386,42.483333333333334
"3 - Moderate","Category 4",6,219.7277777777777661,76.69166666666666
"3 - Moderate","Category 40",648,196.59938271604938257,96.6
"3 - Moderate","Category 41",36,188.6749999999999993,178.28333333333336
"3 - Moderate","Category 42",3041,103.306916584456867916,0.6666666666666666
"3 - Moderate","Category 43",156,162.218482905982903609,22.46666666666667
"3 - Moderate","Category 44",313,143.930351437699679506,26.183333333333334
"3 - Moderate","Category 45",517,508.635976789168278020,187
"3 - Moderate","Category 46",1994,295.002331995987962512,53.849999999999994
"3 - Moderate","Category 47",6,296.5611111111110983,239.40833333333333
"3 - Moderate","Category 48",1,257.7833333333333600,257.78333333333336
"3 - Moderate","Category 49",1,434.2166666666666400,434.21666666666664
"3 - Moderate","Category 5",10,0.17166666666666666420,0.15000000000000002
"3 - Moderate","Category 50",15,63.693333333333333240,9.133333333333333
"3 - Moderate","Category 51",519,38.864001284521516031,0.18333333333333332
"3 - Moderate","Category 52",5,25.683333333333332666,1.05
"3 - Moderate","Category 53",2438,129.482095980311731209,26.875
"3 - Moderate","Category 54",31,173.639247311827956643,16.333333333333332
"3 - Moderate","Category 55",72,261.74583333333333368,152.2
"3 - Moderate","Category 56",36,454.8888888888889075,41.175
"3 - Moderate","Category 57",835,154.249680638722553964,33.7
"3 - Moderate","Category 59",5,143.0000000000000000,27.25
"3 - Moderate","Category 6",2,116.6916666666666734,116.69166666666666
"3 - Moderate","Category 61",781,179.654396073410158693,96
"3 - Moderate","Category 62",4,420.7333333333333500,300.125
"3 - Moderate","Category 63",11,103.5712121212121214,23.033333333333335
"3 - Moderate","Category 7",31,292.69354838709677838,159.86666666666667
"3 - Moderate","Category 8",42,103.75753968253968361,31.300000000000004
"3 - Moderate","Category 9",1066,150.461757348342713965,43.516666666666666
"3 - Moderate",,4,10.77916666666666733,0.25
"4 - Low","Category 13",3,152.4055555555555500,167.23333333333332
"4 - Low","Category 17",4,12.27499999999999999,2.2416666666666667
"4 - Low","Category 19",3,8.1055555555555556,1.0666666666666667
"4 - Low","Category 20",30,67.79222222222222365,2.208333333333333
"4 - Low","Category 22",2,696.4833333333333170,696.4833333333333
"4 - Low","Category 23",16,155.0666666666666722,73.40833333333333
"4 - Low","Category 24",15,114.1622222222222179,95.98333333333333
"4 - Low","Category 26",68,61.45220588235293915,0.575
"4 - Low","Category 28",76,38.270394736842107026,0.016666666666666666
"4 - Low","Category 32",44,48.05265151515151499,0.5583333333333333
"4 - Low","Category 34",7,1187.7499999999999471,75.33333333333333
"4 - Low","Category 37",23,86.40434782608695848,24.783333333333335
"4 - Low","Category 38",1,103.0666666666666600,103.06666666666666
"4 - Low","Category 40",6,163.80000000000000556,130.575
"4 - Low","Category 42",98,55.251870748299319728,0.2833333333333333
"4 - Low","Category 43",3,86.7777777777777790,72.26666666666667
"4 - Low","Category 44",5,696.00000000000000467,173.91666666666666
"4 - Low","Category 45",66,839.52550505050505922,304.5
"4 - Low","Category 46",26,468.009615384615387332,8.908333333333335
"4 - Low","Category 51",12,253.75416666666666664,0.09166666666666667
"4 - Low","Category 53",82,168.10223577235772369,25.700000000000003
"4 - Low","Category 55",22,2617.43636363636361330,2002.2833333333333
"4 - Low","Category 57",13,187.62435897435897151,25.966666666666665
"4 - Low","Category 61",7,180.0761904761904714,126.6
"4 - Low","Category 62",1,70.6166666666666600,70.61666666666666
"4 - Low","Category 8",5,62.9600000000000008,16.95
"4 - Low","Category 9",34,108.43774509803921472,48.55
"4 - Low",,2,1605.10000000000008334,1605.1
